Bob Claire Eliza Eliza	iden	Bob Claire Eliza Eliza
Alice Bob Frank Eliza	iden	Alice Bob Frank Eliza
Alice Claire Claire Daniel	iden	Alice Claire Claire Daniel
Alice Frank Alice Claire	iden	Alice Frank Alice Claire
Claire Daniel Frank Bob	iden	Claire Daniel Frank Bob
Frank Daniel Claire Frank	iden	Frank Daniel Claire Frank
Frank Eliza Eliza Daniel	iden	Frank Eliza Eliza Daniel
Daniel Daniel Eliza Bob	iden	Daniel Daniel Eliza Bob
Bob Frank Daniel Claire	iden	Bob Frank Daniel Claire
Bob Eliza Bob Claire	iden	Bob Eliza Bob Claire
Bob Bob Frank Claire	iden	Bob Bob Frank Claire
Bob Bob Claire Daniel	iden	Bob Bob Claire Daniel
Eliza Daniel Frank Daniel	iden	Eliza Daniel Frank Daniel
Bob Alice Bob Claire	iden	Bob Alice Bob Claire
Claire Alice Alice Bob	iden	Claire Alice Alice Bob
Eliza Claire Frank Daniel	iden	Eliza Claire Frank Daniel
Alice Alice Claire Claire	iden	Alice Alice Claire Claire
Frank Bob Alice Claire	iden	Frank Bob Alice Claire
Eliza Bob Daniel Daniel	iden	Eliza Bob Daniel Daniel
Frank Alice Alice Bob	iden	Frank Alice Alice Bob
Bob Eliza Frank Bob	iden	Bob Eliza Frank Bob
Claire Eliza Daniel Claire	iden	Claire Eliza Daniel Claire
Daniel Frank Frank Eliza	iden	Daniel Frank Frank Eliza
Daniel Daniel Eliza Eliza	iden	Daniel Daniel Eliza Eliza
Frank Claire Claire Bob	iden	Frank Claire Claire Bob
Frank Eliza Bob Eliza	iden	Frank Eliza Bob Eliza
Daniel Claire Claire Claire	iden	Daniel Claire Claire Claire
Alice Bob Claire Claire	iden	Alice Bob Claire Claire
Alice Alice Eliza Eliza	iden	Alice Alice Eliza Eliza
Alice Frank Frank Claire	iden	Alice Frank Frank Claire
Bob Eliza Frank Alice	iden	Bob Eliza Frank Alice
Bob Claire Claire Bob	iden	Bob Claire Claire Bob
Alice Alice Alice Daniel	iden	Alice Alice Alice Daniel
Daniel Claire Daniel Eliza	iden	Daniel Claire Daniel Eliza
Frank Eliza Claire Bob	iden	Frank Eliza Claire Bob
Claire Daniel Eliza Alice	iden	Claire Daniel Eliza Alice
Eliza Claire Eliza Frank	iden	Eliza Claire Eliza Frank
Frank Frank Alice Eliza	iden	Frank Frank Alice Eliza
Frank Daniel Daniel Claire	iden	Frank Daniel Daniel Claire
Bob Daniel Daniel Claire	iden	Bob Daniel Daniel Claire
Eliza Daniel Frank Bob	iden	Eliza Daniel Frank Bob
Eliza Claire Bob Eliza	iden	Eliza Claire Bob Eliza
Eliza Daniel Alice Bob	iden	Eliza Daniel Alice Bob
Alice Alice Bob Eliza	iden	Alice Alice Bob Eliza
Daniel Bob Frank Frank	iden	Daniel Bob Frank Frank
Daniel Alice Frank Bob	iden	Daniel Alice Frank Bob
Claire Bob Frank Frank	iden	Claire Bob Frank Frank
Bob Frank Claire Daniel	iden	Bob Frank Claire Daniel
Claire Bob Frank Daniel	iden	Claire Bob Frank Daniel
Daniel Bob Eliza Claire	iden	Daniel Bob Eliza Claire
Eliza Claire Bob Daniel	iden	Eliza Claire Bob Daniel
Bob Frank Frank Eliza	iden	Bob Frank Frank Eliza
Alice Alice Claire Daniel	iden	Alice Alice Claire Daniel
Eliza Bob Daniel Eliza	iden	Eliza Bob Daniel Eliza
Daniel Daniel Frank Claire	iden	Daniel Daniel Frank Claire
Frank Alice Eliza Alice	iden	Frank Alice Eliza Alice
Bob Eliza Bob Alice	iden	Bob Eliza Bob Alice
Bob Claire Bob Claire	iden	Bob Claire Bob Claire
Frank Bob Daniel Daniel	iden	Frank Bob Daniel Daniel
Claire Eliza Claire Eliza	iden	Claire Eliza Claire Eliza
Daniel Daniel Eliza Eliza	iden	Daniel Daniel Eliza Eliza
Frank Bob Daniel Frank	iden	Frank Bob Daniel Frank
Daniel Claire Bob Frank	iden	Daniel Claire Bob Frank
Claire Eliza Bob Frank	iden	Claire Eliza Bob Frank
Eliza Claire Alice Eliza	iden	Eliza Claire Alice Eliza
Eliza Frank Frank Alice	iden	Eliza Frank Frank Alice
Bob Claire Frank Eliza	iden	Bob Claire Frank Eliza
Claire Daniel Claire Frank	iden	Claire Daniel Claire Frank
Claire Daniel Alice Bob	iden	Claire Daniel Alice Bob
Claire Alice Bob Eliza	iden	Claire Alice Bob Eliza
Daniel Bob Claire Alice	iden	Daniel Bob Claire Alice
Frank Daniel Claire Alice	iden	Frank Daniel Claire Alice
Daniel Claire Daniel Bob	iden	Daniel Claire Daniel Bob
Bob Eliza Claire Claire	iden	Bob Eliza Claire Claire
Claire Bob Frank Eliza	iden	Claire Bob Frank Eliza
Claire Alice Frank Eliza	iden	Claire Alice Frank Eliza
Bob Eliza Frank Bob	iden	Bob Eliza Frank Bob
Bob Frank Claire Bob	iden	Bob Frank Claire Bob
Frank Daniel Alice Frank	iden	Frank Daniel Alice Frank
Frank Eliza Frank Eliza	iden	Frank Eliza Frank Eliza
Claire Eliza Eliza Bob	iden	Claire Eliza Eliza Bob
Frank Bob Bob Frank	iden	Frank Bob Bob Frank
Frank Frank Bob Alice	iden	Frank Frank Bob Alice
Claire Bob Bob Claire	iden	Claire Bob Bob Claire
Alice Daniel Alice Daniel	iden	Alice Daniel Alice Daniel
Claire Daniel Alice Eliza	iden	Claire Daniel Alice Eliza
Daniel Eliza Daniel Frank	iden	Daniel Eliza Daniel Frank
Daniel Bob Alice Bob	iden	Daniel Bob Alice Bob
Claire Daniel Claire Eliza	iden	Claire Daniel Claire Eliza
Bob Eliza Bob Alice	iden	Bob Eliza Bob Alice
Frank Alice Daniel Eliza	iden	Frank Alice Daniel Eliza
Eliza Eliza Frank Claire	iden	Eliza Eliza Frank Claire
Alice Frank Claire Frank	iden	Alice Frank Claire Frank
Daniel Frank Frank Daniel	iden	Daniel Frank Frank Daniel
Claire Alice Eliza Frank	iden	Claire Alice Eliza Frank
Daniel Frank Frank Bob	iden	Daniel Frank Frank Bob
Bob Alice Eliza Eliza	iden	Bob Alice Eliza Eliza
Alice Frank Eliza Daniel	iden	Alice Frank Eliza Daniel
Daniel Eliza Alice Frank	iden	Daniel Eliza Alice Frank
Frank Claire Eliza Frank	iden	Frank Claire Eliza Frank
Bob Alice Claire Claire	iden	Bob Alice Claire Claire
Alice Claire Bob Eliza	iden	Alice Claire Bob Eliza
Eliza Claire Eliza Alice	iden	Eliza Claire Eliza Alice
Eliza Claire Bob Bob	iden	Eliza Claire Bob Bob
Eliza Claire Frank Frank	iden	Eliza Claire Frank Frank
Frank Frank Alice Daniel	iden	Frank Frank Alice Daniel
Alice Eliza Claire Bob	iden	Alice Eliza Claire Bob
Eliza Alice Claire Claire	iden	Eliza Alice Claire Claire
Eliza Claire Eliza Eliza	iden	Eliza Claire Eliza Eliza
Frank Bob Eliza Frank	iden	Frank Bob Eliza Frank
Alice Alice Claire Claire	iden	Alice Alice Claire Claire
Eliza Alice Bob Alice	iden	Eliza Alice Bob Alice
Eliza Eliza Bob Alice	iden	Eliza Eliza Bob Alice
Bob Bob Eliza Claire	iden	Bob Bob Eliza Claire
Eliza Eliza Eliza Claire	iden	Eliza Eliza Eliza Claire
Eliza Alice Frank Eliza	iden	Eliza Alice Frank Eliza
Frank Eliza Frank Frank	iden	Frank Eliza Frank Frank
Daniel Bob Eliza Frank	iden	Daniel Bob Eliza Frank
Claire Eliza Claire Alice	iden	Claire Eliza Claire Alice
Frank Bob Bob Eliza	iden	Frank Bob Bob Eliza
Claire Bob Frank Frank	iden	Claire Bob Frank Frank
Alice Bob Daniel Daniel	iden	Alice Bob Daniel Daniel
Eliza Eliza Daniel Eliza	iden	Eliza Eliza Daniel Eliza
Frank Claire Frank Daniel	iden	Frank Claire Frank Daniel
Claire Frank Daniel Eliza	iden	Claire Frank Daniel Eliza
Daniel Bob Claire Alice	iden	Daniel Bob Claire Alice
Eliza Frank Frank Bob	iden	Eliza Frank Frank Bob
Claire Daniel Eliza Alice	iden	Claire Daniel Eliza Alice
Claire Claire Alice Frank	iden	Claire Claire Alice Frank
Daniel Daniel Claire Claire	iden	Daniel Daniel Claire Claire
Bob Frank Daniel Alice	iden	Bob Frank Daniel Alice
Eliza Eliza Alice Daniel	iden	Eliza Eliza Alice Daniel
Alice Bob Daniel Bob	iden	Alice Bob Daniel Bob
Alice Eliza Claire Bob	iden	Alice Eliza Claire Bob
Bob Eliza Bob Bob	iden	Bob Eliza Bob Bob
Claire Alice Bob Frank	iden	Claire Alice Bob Frank
Daniel Daniel Daniel Claire	iden	Daniel Daniel Daniel Claire
Frank Frank Frank Alice	iden	Frank Frank Frank Alice
Eliza Daniel Daniel Frank	iden	Eliza Daniel Daniel Frank
Daniel Bob Frank Frank	iden	Daniel Bob Frank Frank
Daniel Alice Daniel Claire	iden	Daniel Alice Daniel Claire
Alice Claire Alice Eliza	iden	Alice Claire Alice Eliza
Alice Claire Frank Frank	iden	Alice Claire Frank Frank
Bob Frank Eliza Bob	iden	Bob Frank Eliza Bob
Bob Eliza Frank Alice	iden	Bob Eliza Frank Alice
Claire Claire Daniel Eliza	iden	Claire Claire Daniel Eliza
Frank Eliza Eliza Frank	iden	Frank Eliza Eliza Frank
Alice Daniel Frank Daniel	iden	Alice Daniel Frank Daniel
Eliza Claire Eliza Bob	iden	Eliza Claire Eliza Bob
Eliza Alice Eliza Alice	iden	Eliza Alice Eliza Alice
Daniel Bob Eliza Alice	iden	Daniel Bob Eliza Alice
Alice Frank Claire Daniel	iden	Alice Frank Claire Daniel
Alice Frank Daniel Frank	iden	Alice Frank Daniel Frank
Eliza Eliza Daniel Alice	iden	Eliza Eliza Daniel Alice
Alice Eliza Claire Daniel	iden	Alice Eliza Claire Daniel
Eliza Claire Eliza Claire	iden	Eliza Claire Eliza Claire
Claire Eliza Eliza Bob	iden	Claire Eliza Eliza Bob
Alice Daniel Frank Alice	iden	Alice Daniel Frank Alice
Alice Eliza Claire Daniel	iden	Alice Eliza Claire Daniel
Alice Eliza Bob Claire	iden	Alice Eliza Bob Claire
Bob Bob Eliza Bob	iden	Bob Bob Eliza Bob
Daniel Daniel Frank Daniel	iden	Daniel Daniel Frank Daniel
Bob Frank Frank Frank	iden	Bob Frank Frank Frank
Alice Eliza Frank Frank	iden	Alice Eliza Frank Frank
Bob Claire Bob Eliza	iden	Bob Claire Bob Eliza
Alice Bob Daniel Daniel	iden	Alice Bob Daniel Daniel
Bob Daniel Frank Alice	iden	Bob Daniel Frank Alice
Frank Eliza Frank Eliza	iden	Frank Eliza Frank Eliza
Frank Bob Frank Bob	iden	Frank Bob Frank Bob
Eliza Daniel Claire Daniel	iden	Eliza Daniel Claire Daniel
Bob Bob Claire Eliza	iden	Bob Bob Claire Eliza
Daniel Bob Claire Claire	iden	Daniel Bob Claire Claire
Claire Bob Daniel Daniel	iden	Claire Bob Daniel Daniel
Alice Claire Frank Daniel	iden	Alice Claire Frank Daniel
Claire Eliza Daniel Claire	iden	Claire Eliza Daniel Claire
Alice Alice Eliza Bob	iden	Alice Alice Eliza Bob
Bob Eliza Alice Alice	iden	Bob Eliza Alice Alice
Bob Bob Frank Frank	iden	Bob Bob Frank Frank
Alice Claire Alice Frank	iden	Alice Claire Alice Frank
Alice Alice Frank Bob	iden	Alice Alice Frank Bob
Frank Alice Alice Daniel	iden	Frank Alice Alice Daniel
Frank Frank Bob Daniel	iden	Frank Frank Bob Daniel
Alice Bob Bob Eliza	iden	Alice Bob Bob Eliza
Claire Claire Eliza Bob	iden	Claire Claire Eliza Bob
Daniel Alice Alice Bob	iden	Daniel Alice Alice Bob
Claire Eliza Bob Eliza	iden	Claire Eliza Bob Eliza
Alice Bob Frank Eliza	iden	Alice Bob Frank Eliza
Eliza Daniel Bob Frank	iden	Eliza Daniel Bob Frank
Alice Claire Daniel Bob	iden	Alice Claire Daniel Bob
Bob Claire Alice Eliza	iden	Bob Claire Alice Eliza
Frank Alice Bob Claire	iden	Frank Alice Bob Claire
Claire Frank Daniel Bob	iden	Claire Frank Daniel Bob
Alice Alice Claire Eliza	iden	Alice Alice Claire Eliza
Daniel Bob Frank Eliza	iden	Daniel Bob Frank Eliza
Alice Claire Claire Bob	iden	Alice Claire Claire Bob
Eliza Claire Bob Alice	iden	Eliza Claire Bob Alice
Eliza Daniel Eliza Eliza	iden	Eliza Daniel Eliza Eliza
Frank Daniel Claire Bob	iden	Frank Daniel Claire Bob
Eliza Frank Bob Bob	iden	Eliza Frank Bob Bob
Frank Alice Bob Frank	iden	Frank Alice Bob Frank
Alice Eliza Eliza Eliza	iden	Alice Eliza Eliza Eliza
Bob Alice Frank Alice	iden	Bob Alice Frank Alice
Daniel Alice Daniel Eliza	iden	Daniel Alice Daniel Eliza
Frank Alice Bob Frank	iden	Frank Alice Bob Frank
Bob Alice Claire Claire	iden	Bob Alice Claire Claire
Daniel Daniel Eliza Bob	iden	Daniel Daniel Eliza Bob
Daniel Eliza Claire Daniel	iden	Daniel Eliza Claire Daniel
Frank Frank Eliza Frank	iden	Frank Frank Eliza Frank
Bob Frank Eliza Bob	iden	Bob Frank Eliza Bob
Daniel Daniel Alice Frank	iden	Daniel Daniel Alice Frank
Eliza Bob Claire Alice	iden	Eliza Bob Claire Alice
Alice Alice Bob Claire	iden	Alice Alice Bob Claire
Alice Alice Alice Daniel	iden	Alice Alice Alice Daniel
Eliza Frank Daniel Daniel	iden	Eliza Frank Daniel Daniel
Alice Daniel Daniel Alice	iden	Alice Daniel Daniel Alice
Alice Bob Claire Frank	iden	Alice Bob Claire Frank
Alice Claire Eliza Frank	iden	Alice Claire Eliza Frank
Frank Eliza Alice Frank	iden	Frank Eliza Alice Frank
Frank Eliza Bob Eliza	iden	Frank Eliza Bob Eliza
Daniel Claire Eliza Eliza	iden	Daniel Claire Eliza Eliza
Daniel Frank Frank Alice	iden	Daniel Frank Frank Alice
Frank Frank Frank Claire	iden	Frank Frank Frank Claire
Alice Claire Frank Claire	iden	Alice Claire Frank Claire
Eliza Claire Eliza Frank	iden	Eliza Claire Eliza Frank
Eliza Bob Frank Frank	iden	Eliza Bob Frank Frank
Daniel Alice Alice Claire	iden	Daniel Alice Alice Claire
Daniel Bob Daniel Bob	iden	Daniel Bob Daniel Bob
Frank Alice Claire Frank	iden	Frank Alice Claire Frank
Claire Eliza Frank Frank	iden	Claire Eliza Frank Frank
Alice Eliza Eliza Claire	iden	Alice Eliza Eliza Claire
Claire Claire Alice Alice	iden	Claire Claire Alice Alice
Alice Daniel Alice Frank	iden	Alice Daniel Alice Frank
Alice Frank Frank Frank	iden	Alice Frank Frank Frank
Frank Eliza Eliza Claire	iden	Frank Eliza Eliza Claire
Bob Frank Bob Frank	iden	Bob Frank Bob Frank
Claire Alice Daniel Alice	iden	Claire Alice Daniel Alice
Bob Alice Eliza Bob	iden	Bob Alice Eliza Bob
Alice Claire Daniel Bob	iden	Alice Claire Daniel Bob
Bob Claire Eliza Claire	iden	Bob Claire Eliza Claire
Eliza Alice Bob Alice	iden	Eliza Alice Bob Alice
Alice Daniel Frank Frank	iden	Alice Daniel Frank Frank
Bob Bob Alice Eliza	iden	Bob Bob Alice Eliza
Frank Daniel Daniel Alice	iden	Frank Daniel Daniel Alice
Alice Bob Daniel Frank	iden	Alice Bob Daniel Frank
Alice Frank Alice Daniel	iden	Alice Frank Alice Daniel
Daniel Alice Alice Claire	iden	Daniel Alice Alice Claire
Daniel Eliza Daniel Claire	iden	Daniel Eliza Daniel Claire
Claire Frank Alice Eliza	iden	Claire Frank Alice Eliza
Bob Bob Daniel Bob	iden	Bob Bob Daniel Bob
Claire Claire Bob Eliza	iden	Claire Claire Bob Eliza
Daniel Claire Frank Daniel	iden	Daniel Claire Frank Daniel
Alice Claire Eliza Eliza	iden	Alice Claire Eliza Eliza
Eliza Daniel Claire Eliza	iden	Eliza Daniel Claire Eliza
Eliza Eliza Bob Eliza	iden	Eliza Eliza Bob Eliza
Frank Alice Eliza Eliza	iden	Frank Alice Eliza Eliza
Frank Bob Alice Claire	iden	Frank Bob Alice Claire
Bob Eliza Frank Bob	iden	Bob Eliza Frank Bob
Alice Alice Alice Eliza	iden	Alice Alice Alice Eliza
Eliza Frank Frank Bob	iden	Eliza Frank Frank Bob
Alice Daniel Claire Eliza	iden	Alice Daniel Claire Eliza
Frank Frank Claire Alice	iden	Frank Frank Claire Alice
Daniel Claire Alice Bob	iden	Daniel Claire Alice Bob
Bob Frank Eliza Eliza	iden	Bob Frank Eliza Eliza
Frank Alice Eliza Bob	iden	Frank Alice Eliza Bob
Daniel Claire Alice Alice	iden	Daniel Claire Alice Alice
Frank Eliza Daniel Eliza	iden	Frank Eliza Daniel Eliza
Bob Bob Frank Frank	iden	Bob Bob Frank Frank
Eliza Alice Claire Alice	iden	Eliza Alice Claire Alice
Alice Eliza Alice Alice	iden	Alice Eliza Alice Alice
Eliza Eliza Daniel Claire	iden	Eliza Eliza Daniel Claire
Daniel Bob Eliza Eliza	iden	Daniel Bob Eliza Eliza
Frank Alice Eliza Frank	iden	Frank Alice Eliza Frank
Eliza Eliza Alice Frank	iden	Eliza Eliza Alice Frank
Daniel Eliza Claire Eliza	iden	Daniel Eliza Claire Eliza
Daniel Claire Alice Bob	iden	Daniel Claire Alice Bob
Alice Frank Eliza Eliza	iden	Alice Frank Eliza Eliza
Daniel Claire Alice Eliza	iden	Daniel Claire Alice Eliza
Claire Frank Bob Eliza	iden	Claire Frank Bob Eliza
Bob Alice Bob Frank	iden	Bob Alice Bob Frank
Alice Daniel Claire Bob	iden	Alice Daniel Claire Bob
Daniel Alice Daniel Eliza	iden	Daniel Alice Daniel Eliza
Claire Claire Alice Frank	iden	Claire Claire Alice Frank
Frank Bob Alice Bob	iden	Frank Bob Alice Bob
Claire Frank Claire Claire	iden	Claire Frank Claire Claire
Frank Daniel Claire Claire	iden	Frank Daniel Claire Claire
Daniel Bob Claire Frank	iden	Daniel Bob Claire Frank
Eliza Daniel Bob Eliza	iden	Eliza Daniel Bob Eliza
Daniel Claire Daniel Claire	iden	Daniel Claire Daniel Claire
Claire Claire Alice Daniel	iden	Claire Claire Alice Daniel
Alice Bob Bob Eliza	iden	Alice Bob Bob Eliza
Bob Alice Claire Daniel	iden	Bob Alice Claire Daniel
Claire Claire Frank Eliza	iden	Claire Claire Frank Eliza
Alice Bob Claire Alice	iden	Alice Bob Claire Alice
Alice Alice Eliza Alice	iden	Alice Alice Eliza Alice
Eliza Daniel Alice Daniel	iden	Eliza Daniel Alice Daniel
Frank Frank Daniel Bob	iden	Frank Frank Daniel Bob
Frank Alice Frank Daniel	iden	Frank Alice Frank Daniel
Claire Daniel Alice Bob	iden	Claire Daniel Alice Bob
Alice Daniel Daniel Claire	iden	Alice Daniel Daniel Claire
Bob Eliza Bob Alice	iden	Bob Eliza Bob Alice
Daniel Claire Alice Alice	iden	Daniel Claire Alice Alice
Claire Alice Eliza Frank	iden	Claire Alice Eliza Frank
Eliza Claire Frank Eliza	iden	Eliza Claire Frank Eliza
Claire Daniel Claire Alice	iden	Claire Daniel Claire Alice
Eliza Frank Claire Daniel	iden	Eliza Frank Claire Daniel
Daniel Alice Eliza Eliza	iden	Daniel Alice Eliza Eliza
Eliza Bob Claire Frank	iden	Eliza Bob Claire Frank
Eliza Bob Alice Frank	iden	Eliza Bob Alice Frank
Claire Claire Claire Bob	iden	Claire Claire Claire Bob
Claire Eliza Eliza Alice	iden	Claire Eliza Eliza Alice
Alice Daniel Alice Bob	iden	Alice Daniel Alice Bob
Eliza Claire Eliza Eliza	iden	Eliza Claire Eliza Eliza
Bob Claire Eliza Alice	iden	Bob Claire Eliza Alice
Bob Bob Frank Claire	iden	Bob Bob Frank Claire
Alice Alice Alice Claire	iden	Alice Alice Alice Claire
Eliza Claire Frank Daniel	iden	Eliza Claire Frank Daniel
Claire Claire Alice Daniel	iden	Claire Claire Alice Daniel
Alice Bob Alice Bob	iden	Alice Bob Alice Bob
Alice Claire Bob Frank	iden	Alice Claire Bob Frank
Eliza Daniel Daniel Claire	iden	Eliza Daniel Daniel Claire
Eliza Frank Bob Eliza	iden	Eliza Frank Bob Eliza
Eliza Frank Daniel Frank	iden	Eliza Frank Daniel Frank
Eliza Claire Daniel Eliza	iden	Eliza Claire Daniel Eliza
Daniel Daniel Claire Frank	iden	Daniel Daniel Claire Frank
Frank Daniel Eliza Bob	iden	Frank Daniel Eliza Bob
Bob Daniel Eliza Eliza	iden	Bob Daniel Eliza Eliza
Claire Claire Alice Alice	iden	Claire Claire Alice Alice
Frank Frank Frank Daniel	iden	Frank Frank Frank Daniel
Claire Eliza Bob Frank	iden	Claire Eliza Bob Frank
Bob Daniel Eliza Bob	iden	Bob Daniel Eliza Bob
Claire Alice Frank Bob	iden	Claire Alice Frank Bob
Bob Bob Claire Claire	iden	Bob Bob Claire Claire
Alice Eliza Alice Eliza	iden	Alice Eliza Alice Eliza
Frank Claire Daniel Claire	iden	Frank Claire Daniel Claire
Eliza Frank Claire Alice	iden	Eliza Frank Claire Alice
Frank Frank Bob Alice	iden	Frank Frank Bob Alice
Eliza Frank Bob Frank	iden	Eliza Frank Bob Frank
Frank Eliza Claire Claire	iden	Frank Eliza Claire Claire
Frank Claire Claire Alice	iden	Frank Claire Claire Alice
Daniel Claire Frank Eliza	iden	Daniel Claire Frank Eliza
Frank Daniel Alice Claire	iden	Frank Daniel Alice Claire
Daniel Bob Daniel Daniel	iden	Daniel Bob Daniel Daniel
Daniel Daniel Eliza Bob	iden	Daniel Daniel Eliza Bob
Eliza Eliza Claire Daniel	iden	Eliza Eliza Claire Daniel
Bob Bob Eliza Eliza	iden	Bob Bob Eliza Eliza
Eliza Alice Eliza Bob	iden	Eliza Alice Eliza Bob
Frank Claire Bob Eliza	iden	Frank Claire Bob Eliza
Alice Claire Alice Daniel	iden	Alice Claire Alice Daniel
Daniel Eliza Daniel Frank	iden	Daniel Eliza Daniel Frank
Claire Frank Alice Daniel	iden	Claire Frank Alice Daniel
Eliza Claire Alice Claire	iden	Eliza Claire Alice Claire
Claire Daniel Frank Eliza	iden	Claire Daniel Frank Eliza
Bob Alice Eliza Eliza	iden	Bob Alice Eliza Eliza
Alice Bob Eliza Bob	iden	Alice Bob Eliza Bob
Eliza Daniel Bob Eliza	iden	Eliza Daniel Bob Eliza
Claire Eliza Frank Alice	iden	Claire Eliza Frank Alice
Daniel Frank Frank Daniel	iden	Daniel Frank Frank Daniel
Eliza Alice Frank Eliza	iden	Eliza Alice Frank Eliza
Frank Bob Daniel Eliza	iden	Frank Bob Daniel Eliza
Bob Daniel Claire Alice	iden	Bob Daniel Claire Alice
Eliza Eliza Eliza Frank	iden	Eliza Eliza Eliza Frank
Bob Claire Claire Alice	iden	Bob Claire Claire Alice
Frank Frank Claire Bob	iden	Frank Frank Claire Bob
Daniel Alice Daniel Bob	iden	Daniel Alice Daniel Bob
Bob Bob Eliza Eliza	iden	Bob Bob Eliza Eliza
Daniel Claire Daniel Claire	iden	Daniel Claire Daniel Claire
Claire Frank Frank Eliza	iden	Claire Frank Frank Eliza
Frank Eliza Daniel Alice	iden	Frank Eliza Daniel Alice
Daniel Bob Frank Eliza	iden	Daniel Bob Frank Eliza
Alice Claire Bob Eliza	iden	Alice Claire Bob Eliza
Eliza Bob Bob Claire	iden	Eliza Bob Bob Claire
Claire Bob Bob Alice	iden	Claire Bob Bob Alice
Alice Eliza Daniel Daniel	iden	Alice Eliza Daniel Daniel
Eliza Bob Eliza Frank	iden	Eliza Bob Eliza Frank
Claire Alice Claire Eliza	iden	Claire Alice Claire Eliza
Frank Daniel Claire Claire	iden	Frank Daniel Claire Claire
Claire Alice Daniel Frank	iden	Claire Alice Daniel Frank
Frank Daniel Bob Daniel	iden	Frank Daniel Bob Daniel
Eliza Alice Frank Alice	iden	Eliza Alice Frank Alice
Daniel Claire Eliza Frank	iden	Daniel Claire Eliza Frank
Frank Daniel Alice Eliza	iden	Frank Daniel Alice Eliza
Alice Bob Frank Claire	iden	Alice Bob Frank Claire
Frank Claire Eliza Claire	iden	Frank Claire Eliza Claire
Daniel Alice Bob Claire	iden	Daniel Alice Bob Claire
Bob Daniel Frank Claire	iden	Bob Daniel Frank Claire
Frank Eliza Alice Bob	iden	Frank Eliza Alice Bob
Eliza Bob Alice Daniel	iden	Eliza Bob Alice Daniel
Frank Claire Bob Frank	iden	Frank Claire Bob Frank
Frank Frank Alice Daniel	iden	Frank Frank Alice Daniel
Daniel Alice Eliza Bob	iden	Daniel Alice Eliza Bob
Bob Eliza Bob Claire	iden	Bob Eliza Bob Claire
Eliza Frank Claire Eliza	iden	Eliza Frank Claire Eliza
Eliza Claire Frank Eliza	iden	Eliza Claire Frank Eliza
Claire Eliza Bob Bob	iden	Claire Eliza Bob Bob
Bob Eliza Bob Eliza	iden	Bob Eliza Bob Eliza
Claire Frank Frank Frank	iden	Claire Frank Frank Frank
Daniel Daniel Eliza Alice	iden	Daniel Daniel Eliza Alice
Bob Claire Daniel Daniel	iden	Bob Claire Daniel Daniel
Daniel Alice Daniel Claire	iden	Daniel Alice Daniel Claire
Bob Bob Claire Eliza	iden	Bob Bob Claire Eliza
Frank Bob Claire Claire	iden	Frank Bob Claire Claire
Frank Claire Claire Bob	iden	Frank Claire Claire Bob
Bob Alice Daniel Daniel	iden	Bob Alice Daniel Daniel
Bob Frank Eliza Daniel	iden	Bob Frank Eliza Daniel
Daniel Eliza Daniel Alice	iden	Daniel Eliza Daniel Alice
Daniel Eliza Bob Bob	iden	Daniel Eliza Bob Bob
Claire Bob Alice Frank	iden	Claire Bob Alice Frank
Eliza Alice Alice Frank	iden	Eliza Alice Alice Frank
Claire Frank Bob Claire	iden	Claire Frank Bob Claire
Alice Daniel Bob Frank	iden	Alice Daniel Bob Frank
Claire Daniel Bob Frank	iden	Claire Daniel Bob Frank
Claire Daniel Frank Claire	iden	Claire Daniel Frank Claire
Eliza Claire Frank Frank	iden	Eliza Claire Frank Frank
Frank Claire Alice Eliza	iden	Frank Claire Alice Eliza
Bob Eliza Eliza Alice	iden	Bob Eliza Eliza Alice
Frank Bob Claire Frank	iden	Frank Bob Claire Frank
Daniel Bob Alice Alice	iden	Daniel Bob Alice Alice
Frank Frank Eliza Frank	iden	Frank Frank Eliza Frank
Daniel Frank Alice Bob	iden	Daniel Frank Alice Bob
Claire Daniel Eliza Eliza	iden	Claire Daniel Eliza Eliza
Daniel Bob Daniel Frank	iden	Daniel Bob Daniel Frank
Alice Bob Frank Daniel	iden	Alice Bob Frank Daniel
Daniel Eliza Frank Alice	iden	Daniel Eliza Frank Alice
Frank Daniel Eliza Eliza	iden	Frank Daniel Eliza Eliza
Frank Bob Daniel Eliza	iden	Frank Bob Daniel Eliza
Frank Bob Bob Frank	iden	Frank Bob Bob Frank
Daniel Frank Frank Eliza	iden	Daniel Frank Frank Eliza
Claire Daniel Daniel Bob	iden	Claire Daniel Daniel Bob
Eliza Claire Frank Eliza	iden	Eliza Claire Frank Eliza
Frank Bob Daniel Frank	iden	Frank Bob Daniel Frank
Bob Claire Claire Daniel	iden	Bob Claire Claire Daniel
Bob Bob Frank Frank	iden	Bob Bob Frank Frank
Claire Eliza Daniel Daniel	iden	Claire Eliza Daniel Daniel
Eliza Alice Alice Frank	iden	Eliza Alice Alice Frank
Daniel Eliza Eliza Eliza	iden	Daniel Eliza Eliza Eliza
Daniel Daniel Daniel Eliza	iden	Daniel Daniel Daniel Eliza
Frank Alice Bob Frank	iden	Frank Alice Bob Frank
Frank Alice Alice Alice	iden	Frank Alice Alice Alice
Bob Bob Claire Frank	iden	Bob Bob Claire Frank
Frank Claire Frank Frank	iden	Frank Claire Frank Frank
Daniel Alice Alice Frank	iden	Daniel Alice Alice Frank
Alice Daniel Daniel Frank	iden	Alice Daniel Daniel Frank
Alice Eliza Daniel Frank	iden	Alice Eliza Daniel Frank
Claire Frank Frank Frank	iden	Claire Frank Frank Frank
Frank Frank Eliza Alice	iden	Frank Frank Eliza Alice
Daniel Daniel Bob Bob	iden	Daniel Daniel Bob Bob
Daniel Claire Bob Alice	iden	Daniel Claire Bob Alice
Daniel Alice Bob Frank	iden	Daniel Alice Bob Frank
Alice Bob Claire Daniel	iden	Alice Bob Claire Daniel
Alice Claire Alice Bob	iden	Alice Claire Alice Bob
Alice Eliza Eliza Alice	iden	Alice Eliza Eliza Alice
Bob Eliza Eliza Daniel	iden	Bob Eliza Eliza Daniel
Daniel Bob Daniel Alice	iden	Daniel Bob Daniel Alice
Bob Bob Claire Daniel	iden	Bob Bob Claire Daniel
Claire Claire Daniel Daniel	iden	Claire Claire Daniel Daniel
Daniel Frank Daniel Bob	iden	Daniel Frank Daniel Bob
Alice Daniel Claire Alice	iden	Alice Daniel Claire Alice
Bob Claire Alice Daniel	iden	Bob Claire Alice Daniel
Eliza Eliza Daniel Eliza	iden	Eliza Eliza Daniel Eliza
Bob Claire Alice Eliza	iden	Bob Claire Alice Eliza
Claire Frank Daniel Claire	iden	Claire Frank Daniel Claire
Eliza Frank Bob Eliza	iden	Eliza Frank Bob Eliza
Eliza Alice Daniel Eliza	iden	Eliza Alice Daniel Eliza
Daniel Eliza Daniel Frank	iden	Daniel Eliza Daniel Frank
Alice Bob Claire Frank	iden	Alice Bob Claire Frank
Eliza Daniel Eliza Eliza	iden	Eliza Daniel Eliza Eliza
Frank Bob Bob Frank	iden	Frank Bob Bob Frank
Frank Eliza Frank Claire	iden	Frank Eliza Frank Claire
Claire Claire Daniel Frank	iden	Claire Claire Daniel Frank
Claire Eliza Daniel Eliza	iden	Claire Eliza Daniel Eliza
Eliza Bob Daniel Eliza	iden	Eliza Bob Daniel Eliza
Bob Alice Alice Frank	iden	Bob Alice Alice Frank
Eliza Frank Claire Eliza	iden	Eliza Frank Claire Eliza
Bob Frank Bob Daniel	iden	Bob Frank Bob Daniel
Daniel Daniel Frank Claire	iden	Daniel Daniel Frank Claire
Alice Alice Bob Claire	iden	Alice Alice Bob Claire
Daniel Frank Eliza Claire	iden	Daniel Frank Eliza Claire
Eliza Eliza Bob Claire	iden	Eliza Eliza Bob Claire
Claire Bob Claire Claire	iden	Claire Bob Claire Claire
Frank Eliza Eliza Claire	iden	Frank Eliza Eliza Claire
Claire Frank Daniel Daniel	iden	Claire Frank Daniel Daniel
Bob Frank Claire Frank	iden	Bob Frank Claire Frank
Daniel Daniel Daniel Claire	iden	Daniel Daniel Daniel Claire
Daniel Eliza Daniel Daniel	iden	Daniel Eliza Daniel Daniel
Alice Daniel Daniel Frank	iden	Alice Daniel Daniel Frank
Daniel Eliza Claire Eliza	iden	Daniel Eliza Claire Eliza
Claire Bob Frank Daniel	iden	Claire Bob Frank Daniel
Daniel Frank Bob Claire	iden	Daniel Frank Bob Claire
Alice Daniel Bob Eliza	iden	Alice Daniel Bob Eliza
Daniel Alice Alice Eliza	iden	Daniel Alice Alice Eliza
Frank Alice Claire Frank	iden	Frank Alice Claire Frank
Claire Alice Alice Frank	iden	Claire Alice Alice Frank
Eliza Bob Daniel Eliza	iden	Eliza Bob Daniel Eliza
Bob Frank Alice Frank	iden	Bob Frank Alice Frank
Daniel Alice Daniel Frank	iden	Daniel Alice Daniel Frank
Frank Claire Alice Eliza	iden	Frank Claire Alice Eliza
Alice Frank Eliza Frank	iden	Alice Frank Eliza Frank
Claire Frank Claire Bob	iden	Claire Frank Claire Bob
Eliza Claire Claire Alice	iden	Eliza Claire Claire Alice
Frank Daniel Alice Daniel	iden	Frank Daniel Alice Daniel
Frank Eliza Alice Bob	iden	Frank Eliza Alice Bob
Alice Bob Alice Frank	iden	Alice Bob Alice Frank
Bob Claire Frank Frank	iden	Bob Claire Frank Frank
Claire Eliza Eliza Alice	iden	Claire Eliza Eliza Alice
Daniel Daniel Daniel Claire	iden	Daniel Daniel Daniel Claire
Daniel Frank Frank Claire	iden	Daniel Frank Frank Claire
Frank Frank Frank Eliza	iden	Frank Frank Frank Eliza
Daniel Eliza Alice Claire	iden	Daniel Eliza Alice Claire
Bob Eliza Frank Daniel	iden	Bob Eliza Frank Daniel
Claire Claire Eliza Daniel	iden	Claire Claire Eliza Daniel
Claire Frank Daniel Daniel	iden	Claire Frank Daniel Daniel
Eliza Eliza Daniel Claire	iden	Eliza Eliza Daniel Claire
Claire Frank Bob Claire	iden	Claire Frank Bob Claire
Eliza Alice Eliza Frank	iden	Eliza Alice Eliza Frank
Claire Alice Daniel Daniel	iden	Claire Alice Daniel Daniel
Eliza Claire Alice Claire	iden	Eliza Claire Alice Claire
Bob Daniel Alice Frank	iden	Bob Daniel Alice Frank
Eliza Alice Eliza Frank	iden	Eliza Alice Eliza Frank
Frank Claire Frank Frank	iden	Frank Claire Frank Frank
Frank Bob Daniel Eliza	iden	Frank Bob Daniel Eliza
Eliza Daniel Daniel Bob	iden	Eliza Daniel Daniel Bob
Claire Bob Frank Eliza	iden	Claire Bob Frank Eliza
Alice Bob Claire Frank	iden	Alice Bob Claire Frank
Eliza Claire Alice Claire	iden	Eliza Claire Alice Claire
Alice Eliza Daniel Daniel	iden	Alice Eliza Daniel Daniel
Eliza Bob Eliza Bob	iden	Eliza Bob Eliza Bob
Eliza Bob Daniel Bob	iden	Eliza Bob Daniel Bob
Eliza Eliza Daniel Frank	iden	Eliza Eliza Daniel Frank
Alice Bob Frank Eliza	iden	Alice Bob Frank Eliza
Claire Alice Eliza Eliza	iden	Claire Alice Eliza Eliza
Claire Daniel Claire Bob	iden	Claire Daniel Claire Bob
Claire Eliza Bob Claire	iden	Claire Eliza Bob Claire
Eliza Frank Bob Alice	iden	Eliza Frank Bob Alice
Frank Daniel Eliza Bob	iden	Frank Daniel Eliza Bob
Alice Eliza Bob Eliza	iden	Alice Eliza Bob Eliza
Alice Daniel Frank Eliza	iden	Alice Daniel Frank Eliza
Claire Alice Claire Bob	iden	Claire Alice Claire Bob
Bob Eliza Bob Alice	iden	Bob Eliza Bob Alice
Bob Eliza Alice Frank	iden	Bob Eliza Alice Frank
Eliza Daniel Frank Eliza	iden	Eliza Daniel Frank Eliza
Frank Bob Daniel Eliza	iden	Frank Bob Daniel Eliza
Frank Frank Alice Frank	iden	Frank Frank Alice Frank
Alice Claire Daniel Eliza	iden	Alice Claire Daniel Eliza
Eliza Alice Eliza Eliza	iden	Eliza Alice Eliza Eliza
Bob Frank Daniel Claire	iden	Bob Frank Daniel Claire
Bob Eliza Bob Bob	iden	Bob Eliza Bob Bob
Frank Daniel Daniel Alice	iden	Frank Daniel Daniel Alice
Bob Frank Eliza Alice	iden	Bob Frank Eliza Alice
Claire Bob Claire Bob	iden	Claire Bob Claire Bob
Eliza Frank Frank Frank	iden	Eliza Frank Frank Frank
Eliza Eliza Alice Eliza	iden	Eliza Eliza Alice Eliza
Alice Bob Claire Eliza	iden	Alice Bob Claire Eliza
Frank Eliza Alice Eliza	iden	Frank Eliza Alice Eliza
Eliza Frank Daniel Daniel	iden	Eliza Frank Daniel Daniel
Eliza Daniel Bob Claire	iden	Eliza Daniel Bob Claire
Daniel Bob Daniel Alice	iden	Daniel Bob Daniel Alice
Daniel Frank Daniel Claire	iden	Daniel Frank Daniel Claire
Alice Claire Daniel Daniel	iden	Alice Claire Daniel Daniel
Alice Bob Daniel Claire	iden	Alice Bob Daniel Claire
Eliza Daniel Alice Bob	iden	Eliza Daniel Alice Bob
Daniel Claire Eliza Frank	iden	Daniel Claire Eliza Frank
Eliza Frank Claire Frank	iden	Eliza Frank Claire Frank
Eliza Bob Claire Frank	iden	Eliza Bob Claire Frank
Claire Alice Claire Eliza	iden	Claire Alice Claire Eliza
Bob Eliza Bob Bob	iden	Bob Eliza Bob Bob
Claire Eliza Frank Claire	iden	Claire Eliza Frank Claire
Eliza Eliza Alice Frank	iden	Eliza Eliza Alice Frank
Claire Frank Alice Claire	iden	Claire Frank Alice Claire
Frank Alice Claire Alice	iden	Frank Alice Claire Alice
Alice Bob Eliza Alice	iden	Alice Bob Eliza Alice
Frank Alice Bob Alice	iden	Frank Alice Bob Alice
Eliza Claire Bob Claire	iden	Eliza Claire Bob Claire
Claire Eliza Claire Bob	iden	Claire Eliza Claire Bob
Daniel Frank Claire Bob	iden	Daniel Frank Claire Bob
Daniel Bob Frank Claire	iden	Daniel Bob Frank Claire
Daniel Frank Daniel Claire	iden	Daniel Frank Daniel Claire
Eliza Frank Daniel Bob	iden	Eliza Frank Daniel Bob
Eliza Daniel Claire Frank	iden	Eliza Daniel Claire Frank
Daniel Eliza Alice Eliza	iden	Daniel Eliza Alice Eliza
Daniel Frank Alice Frank	iden	Daniel Frank Alice Frank
Claire Bob Claire Eliza	iden	Claire Bob Claire Eliza
Alice Claire Daniel Frank	iden	Alice Claire Daniel Frank
Frank Daniel Eliza Claire	iden	Frank Daniel Eliza Claire
Claire Eliza Eliza Daniel	iden	Claire Eliza Eliza Daniel
Claire Bob Bob Eliza	iden	Claire Bob Bob Eliza
Alice Eliza Bob Bob	iden	Alice Eliza Bob Bob
Claire Frank Alice Frank	iden	Claire Frank Alice Frank
Alice Claire Alice Claire	iden	Alice Claire Alice Claire
Frank Frank Alice Alice	iden	Frank Frank Alice Alice
Daniel Frank Bob Daniel	iden	Daniel Frank Bob Daniel
Bob Alice Alice Alice	iden	Bob Alice Alice Alice
Frank Daniel Alice Frank	iden	Frank Daniel Alice Frank
Bob Daniel Eliza Daniel	iden	Bob Daniel Eliza Daniel
Frank Daniel Daniel Alice	iden	Frank Daniel Daniel Alice
Eliza Bob Daniel Alice	iden	Eliza Bob Daniel Alice
Frank Frank Claire Claire	iden	Frank Frank Claire Claire
Eliza Alice Daniel Eliza	iden	Eliza Alice Daniel Eliza
Frank Eliza Frank Eliza	iden	Frank Eliza Frank Eliza
Daniel Alice Eliza Alice	iden	Daniel Alice Eliza Alice
Claire Alice Alice Claire	iden	Claire Alice Alice Claire
Alice Daniel Daniel Bob	iden	Alice Daniel Daniel Bob
Claire Alice Frank Daniel	iden	Claire Alice Frank Daniel
Alice Eliza Daniel Claire	iden	Alice Eliza Daniel Claire
Alice Bob Alice Claire	iden	Alice Bob Alice Claire
Bob Eliza Daniel Daniel	iden	Bob Eliza Daniel Daniel
Daniel Eliza Frank Claire	iden	Daniel Eliza Frank Claire
Bob Frank Claire Bob	iden	Bob Frank Claire Bob
Bob Eliza Claire Claire	iden	Bob Eliza Claire Claire
Eliza Bob Daniel Claire	iden	Eliza Bob Daniel Claire
Bob Bob Frank Bob	iden	Bob Bob Frank Bob
Frank Claire Daniel Claire	iden	Frank Claire Daniel Claire
Eliza Frank Frank Claire	iden	Eliza Frank Frank Claire
Eliza Bob Eliza Daniel	iden	Eliza Bob Eliza Daniel
Claire Claire Bob Frank	iden	Claire Claire Bob Frank
Daniel Claire Alice Eliza	iden	Daniel Claire Alice Eliza
Eliza Claire Claire Daniel	iden	Eliza Claire Claire Daniel
Daniel Claire Frank Frank	iden	Daniel Claire Frank Frank
Frank Bob Claire Frank	iden	Frank Bob Claire Frank
Eliza Frank Alice Claire	iden	Eliza Frank Alice Claire
Daniel Eliza Frank Claire	iden	Daniel Eliza Frank Claire
Bob Bob Frank Eliza	iden	Bob Bob Frank Eliza
Daniel Alice Bob Eliza	iden	Daniel Alice Bob Eliza
Alice Alice Alice Claire	iden	Alice Alice Alice Claire
Claire Claire Frank Alice	iden	Claire Claire Frank Alice
Alice Eliza Alice Alice	iden	Alice Eliza Alice Alice
Claire Alice Daniel Claire	iden	Claire Alice Daniel Claire
Claire Claire Eliza Alice	iden	Claire Claire Eliza Alice
Alice Frank Frank Bob	iden	Alice Frank Frank Bob
Daniel Bob Frank Bob	iden	Daniel Bob Frank Bob
Claire Alice Bob Eliza	iden	Claire Alice Bob Eliza
Frank Daniel Frank Daniel	iden	Frank Daniel Frank Daniel
Frank Alice Eliza Bob	iden	Frank Alice Eliza Bob
Claire Eliza Daniel Bob	iden	Claire Eliza Daniel Bob
Eliza Bob Bob Bob	iden	Eliza Bob Bob Bob
Frank Alice Bob Alice	iden	Frank Alice Bob Alice
Alice Claire Alice Claire	iden	Alice Claire Alice Claire
Eliza Alice Frank Daniel	iden	Eliza Alice Frank Daniel
Daniel Daniel Alice Daniel	iden	Daniel Daniel Alice Daniel
Bob Alice Alice Claire	iden	Bob Alice Alice Claire
Daniel Bob Alice Frank	iden	Daniel Bob Alice Frank
Eliza Bob Daniel Claire	iden	Eliza Bob Daniel Claire
Daniel Alice Bob Bob	iden	Daniel Alice Bob Bob
Frank Alice Daniel Alice	iden	Frank Alice Daniel Alice
Daniel Alice Eliza Alice	iden	Daniel Alice Eliza Alice
Bob Frank Frank Eliza	iden	Bob Frank Frank Eliza
Claire Frank Daniel Claire	iden	Claire Frank Daniel Claire
Claire Claire Alice Claire	iden	Claire Claire Alice Claire
Daniel Claire Frank Daniel	iden	Daniel Claire Frank Daniel
Eliza Claire Eliza Claire	iden	Eliza Claire Eliza Claire
Daniel Bob Bob Frank	iden	Daniel Bob Bob Frank
Bob Daniel Claire Bob	iden	Bob Daniel Claire Bob
Claire Bob Daniel Frank	iden	Claire Bob Daniel Frank
Eliza Frank Alice Alice	iden	Eliza Frank Alice Alice
Alice Alice Alice Daniel	iden	Alice Alice Alice Daniel
Bob Frank Daniel Daniel	iden	Bob Frank Daniel Daniel
Alice Bob Eliza Bob	iden	Alice Bob Eliza Bob
Daniel Frank Claire Frank	iden	Daniel Frank Claire Frank
Frank Eliza Eliza Alice	iden	Frank Eliza Eliza Alice
Eliza Eliza Daniel Daniel	iden	Eliza Eliza Daniel Daniel
Bob Alice Claire Alice	iden	Bob Alice Claire Alice
Bob Alice Frank Alice	iden	Bob Alice Frank Alice
Claire Alice Claire Frank	iden	Claire Alice Claire Frank
Eliza Frank Frank Claire	iden	Eliza Frank Frank Claire
Bob Eliza Alice Daniel	iden	Bob Eliza Alice Daniel
Frank Eliza Bob Frank	iden	Frank Eliza Bob Frank
Frank Daniel Frank Eliza	iden	Frank Daniel Frank Eliza
Claire Frank Bob Claire	iden	Claire Frank Bob Claire
Alice Claire Frank Claire	iden	Alice Claire Frank Claire
Claire Claire Frank Eliza	iden	Claire Claire Frank Eliza
Claire Frank Frank Bob	iden	Claire Frank Frank Bob
Frank Bob Claire Bob	iden	Frank Bob Claire Bob
Bob Frank Daniel Bob	iden	Bob Frank Daniel Bob
Claire Frank Bob Claire	iden	Claire Frank Bob Claire
Eliza Eliza Bob Frank	iden	Eliza Eliza Bob Frank
Frank Frank Eliza Claire	iden	Frank Frank Eliza Claire
Daniel Bob Daniel Claire	iden	Daniel Bob Daniel Claire
Bob Eliza Daniel Bob	iden	Bob Eliza Daniel Bob
Bob Alice Eliza Eliza	iden	Bob Alice Eliza Eliza
Bob Bob Bob Daniel	iden	Bob Bob Bob Daniel
Alice Alice Eliza Claire	iden	Alice Alice Eliza Claire
Daniel Daniel Daniel Bob	iden	Daniel Daniel Daniel Bob
Eliza Eliza Bob Bob	iden	Eliza Eliza Bob Bob
Daniel Bob Claire Claire	iden	Daniel Bob Claire Claire
Alice Daniel Frank Bob	iden	Alice Daniel Frank Bob
Claire Frank Bob Bob	iden	Claire Frank Bob Bob
Claire Claire Bob Claire	iden	Claire Claire Bob Claire
Frank Frank Bob Eliza	iden	Frank Frank Bob Eliza
Bob Claire Alice Frank	iden	Bob Claire Alice Frank
Alice Claire Alice Alice	iden	Alice Claire Alice Alice
Alice Eliza Daniel Alice	iden	Alice Eliza Daniel Alice
Alice Frank Daniel Alice	iden	Alice Frank Daniel Alice
Frank Claire Claire Bob	iden	Frank Claire Claire Bob
Bob Alice Eliza Frank	iden	Bob Alice Eliza Frank
Daniel Daniel Eliza Alice	iden	Daniel Daniel Eliza Alice
Bob Daniel Daniel Eliza	iden	Bob Daniel Daniel Eliza
Eliza Daniel Eliza Claire	iden	Eliza Daniel Eliza Claire
Alice Alice Alice Daniel	iden	Alice Alice Alice Daniel
Claire Daniel Eliza Frank	iden	Claire Daniel Eliza Frank
Alice Claire Claire Bob	iden	Alice Claire Claire Bob
Alice Bob Eliza Frank	iden	Alice Bob Eliza Frank
Claire Frank Bob Bob	iden	Claire Frank Bob Bob
Daniel Alice Eliza Eliza	iden	Daniel Alice Eliza Eliza
Bob Bob Eliza Alice	iden	Bob Bob Eliza Alice
Daniel Eliza Daniel Alice	iden	Daniel Eliza Daniel Alice
Daniel Daniel Alice Alice	iden	Daniel Daniel Alice Alice
Daniel Daniel Daniel Daniel	iden	Daniel Daniel Daniel Daniel
Bob Claire Bob Claire	iden	Bob Claire Bob Claire
Eliza Eliza Eliza Claire	iden	Eliza Eliza Eliza Claire
Bob Bob Claire Eliza	iden	Bob Bob Claire Eliza
Frank Alice Eliza Daniel	iden	Frank Alice Eliza Daniel
Eliza Eliza Eliza Alice	iden	Eliza Eliza Eliza Alice
Frank Daniel Alice Claire	iden	Frank Daniel Alice Claire
Alice Bob Alice Claire	iden	Alice Bob Alice Claire
Alice Alice Eliza Claire	iden	Alice Alice Eliza Claire
Daniel Alice Alice Eliza	iden	Daniel Alice Alice Eliza
Claire Alice Claire Bob	iden	Claire Alice Claire Bob
Alice Alice Daniel Alice	iden	Alice Alice Daniel Alice
Frank Eliza Daniel Daniel	iden	Frank Eliza Daniel Daniel
Bob Bob Frank Alice	iden	Bob Bob Frank Alice
Alice Eliza Bob Frank	iden	Alice Eliza Bob Frank
Frank Alice Alice Eliza	iden	Frank Alice Alice Eliza
Eliza Daniel Frank Daniel	iden	Eliza Daniel Frank Daniel
Bob Frank Daniel Daniel	iden	Bob Frank Daniel Daniel
Alice Alice Alice Alice	iden	Alice Alice Alice Alice
Claire Frank Frank Claire	iden	Claire Frank Frank Claire
Daniel Bob Eliza Alice	iden	Daniel Bob Eliza Alice
Claire Alice Claire Claire	iden	Claire Alice Claire Claire
Daniel Claire Eliza Frank	iden	Daniel Claire Eliza Frank
Frank Claire Bob Bob	iden	Frank Claire Bob Bob
Frank Bob Claire Eliza	iden	Frank Bob Claire Eliza
Frank Alice Daniel Eliza	iden	Frank Alice Daniel Eliza
Claire Eliza Alice Claire	iden	Claire Eliza Alice Claire
Bob Eliza Alice Bob	iden	Bob Eliza Alice Bob
Claire Bob Daniel Alice	iden	Claire Bob Daniel Alice
Claire Claire Claire Alice	iden	Claire Claire Claire Alice
Bob Bob Bob Daniel	iden	Bob Bob Bob Daniel
Alice Bob Eliza Alice	iden	Alice Bob Eliza Alice
Claire Claire Bob Eliza	iden	Claire Claire Bob Eliza
Claire Claire Claire Bob	iden	Claire Claire Claire Bob
Alice Frank Claire Alice	iden	Alice Frank Claire Alice
Frank Frank Claire Frank	iden	Frank Frank Claire Frank
Claire Claire Bob Alice	iden	Claire Claire Bob Alice
Eliza Frank Daniel Frank	iden	Eliza Frank Daniel Frank
Bob Frank Daniel Alice	iden	Bob Frank Daniel Alice
Claire Daniel Eliza Daniel	iden	Claire Daniel Eliza Daniel
Alice Claire Bob Alice	iden	Alice Claire Bob Alice
Alice Daniel Eliza Eliza	iden	Alice Daniel Eliza Eliza
Claire Frank Claire Claire	iden	Claire Frank Claire Claire
Bob Daniel Bob Claire	iden	Bob Daniel Bob Claire
Eliza Daniel Claire Frank	iden	Eliza Daniel Claire Frank
Alice Claire Frank Bob	iden	Alice Claire Frank Bob
Claire Alice Bob Frank	iden	Claire Alice Bob Frank
Alice Frank Eliza Eliza	iden	Alice Frank Eliza Eliza
Bob Eliza Claire Claire	iden	Bob Eliza Claire Claire
Frank Eliza Bob Bob	iden	Frank Eliza Bob Bob
Alice Claire Frank Bob	iden	Alice Claire Frank Bob
Eliza Claire Bob Claire	iden	Eliza Claire Bob Claire
Daniel Daniel Daniel Eliza	iden	Daniel Daniel Daniel Eliza
Alice Bob Bob Alice	iden	Alice Bob Bob Alice
Eliza Alice Frank Alice	iden	Eliza Alice Frank Alice
Claire Alice Bob Daniel	iden	Claire Alice Bob Daniel
Alice Bob Daniel Eliza	iden	Alice Bob Daniel Eliza
Frank Eliza Alice Claire	iden	Frank Eliza Alice Claire
Frank Bob Alice Eliza	iden	Frank Bob Alice Eliza
Daniel Frank Frank Frank	iden	Daniel Frank Frank Frank
Eliza Frank Claire Eliza	iden	Eliza Frank Claire Eliza
Frank Eliza Bob Eliza	iden	Frank Eliza Bob Eliza
Daniel Eliza Eliza Claire	iden	Daniel Eliza Eliza Claire
Frank Bob Daniel Bob	iden	Frank Bob Daniel Bob
Alice Claire Eliza Daniel	iden	Alice Claire Eliza Daniel
Alice Daniel Claire Eliza	iden	Alice Daniel Claire Eliza
Alice Frank Daniel Alice	iden	Alice Frank Daniel Alice
Frank Bob Alice Bob	iden	Frank Bob Alice Bob
Frank Eliza Alice Daniel	iden	Frank Eliza Alice Daniel
Bob Alice Daniel Frank	iden	Bob Alice Daniel Frank
Alice Claire Bob Frank	iden	Alice Claire Bob Frank
Alice Daniel Alice Bob	iden	Alice Daniel Alice Bob
Bob Frank Eliza Daniel	iden	Bob Frank Eliza Daniel
Frank Alice Claire Claire	iden	Frank Alice Claire Claire
Claire Bob Eliza Bob	iden	Claire Bob Eliza Bob
Eliza Frank Claire Claire	iden	Eliza Frank Claire Claire
Daniel Claire Daniel Daniel	iden	Daniel Claire Daniel Daniel
Frank Daniel Frank Frank	iden	Frank Daniel Frank Frank
Bob Eliza Frank Bob	iden	Bob Eliza Frank Bob
Eliza Eliza Bob Claire	iden	Eliza Eliza Bob Claire
Frank Alice Frank Frank	iden	Frank Alice Frank Frank
Claire Eliza Alice Daniel	iden	Claire Eliza Alice Daniel
Alice Eliza Alice Daniel	iden	Alice Eliza Alice Daniel
Daniel Daniel Claire Daniel	iden	Daniel Daniel Claire Daniel
Eliza Daniel Claire Claire	iden	Eliza Daniel Claire Claire
Frank Daniel Claire Bob	iden	Frank Daniel Claire Bob
Eliza Claire Frank Eliza	iden	Eliza Claire Frank Eliza
Alice Bob Bob Bob	iden	Alice Bob Bob Bob
Bob Daniel Bob Eliza	iden	Bob Daniel Bob Eliza
Claire Claire Claire Daniel	iden	Claire Claire Claire Daniel
Claire Bob Frank Alice	iden	Claire Bob Frank Alice
Alice Eliza Alice Frank	iden	Alice Eliza Alice Frank
Frank Daniel Bob Daniel	iden	Frank Daniel Bob Daniel
Claire Eliza Frank Alice	iden	Claire Eliza Frank Alice
Daniel Claire Daniel Bob	iden	Daniel Claire Daniel Bob
Claire Claire Daniel Eliza	iden	Claire Claire Daniel Eliza
Alice Bob Claire Eliza	iden	Alice Bob Claire Eliza
Frank Alice Eliza Claire	iden	Frank Alice Eliza Claire
Alice Claire Claire Daniel	iden	Alice Claire Claire Daniel
Frank Bob Bob Alice	iden	Frank Bob Bob Alice
Alice Daniel Claire Alice	iden	Alice Daniel Claire Alice
Alice Bob Eliza Claire	iden	Alice Bob Eliza Claire
Daniel Daniel Daniel Claire	iden	Daniel Daniel Daniel Claire
Bob Eliza Alice Claire	iden	Bob Eliza Alice Claire
Claire Bob Bob Daniel	iden	Claire Bob Bob Daniel
Eliza Frank Daniel Frank	iden	Eliza Frank Daniel Frank
Frank Bob Claire Frank	iden	Frank Bob Claire Frank
Frank Frank Alice Eliza	iden	Frank Frank Alice Eliza
Eliza Bob Claire Frank	iden	Eliza Bob Claire Frank
Claire Eliza Daniel Bob	iden	Claire Eliza Daniel Bob
Bob Bob Alice Daniel	iden	Bob Bob Alice Daniel
Alice Frank Alice Claire	iden	Alice Frank Alice Claire
Eliza Frank Daniel Frank	iden	Eliza Frank Daniel Frank
Bob Bob Daniel Frank	iden	Bob Bob Daniel Frank
Alice Bob Eliza Bob	iden	Alice Bob Eliza Bob
Frank Frank Bob Bob	iden	Frank Frank Bob Bob
Eliza Claire Bob Eliza	iden	Eliza Claire Bob Eliza
Eliza Claire Eliza Frank	iden	Eliza Claire Eliza Frank
Claire Alice Alice Alice	iden	Claire Alice Alice Alice
Claire Eliza Bob Frank	iden	Claire Eliza Bob Frank
Daniel Claire Frank Frank	iden	Daniel Claire Frank Frank
Bob Eliza Eliza Bob	iden	Bob Eliza Eliza Bob
Eliza Daniel Eliza Bob	iden	Eliza Daniel Eliza Bob
Eliza Bob Daniel Claire	iden	Eliza Bob Daniel Claire
Alice Alice Frank Alice	iden	Alice Alice Frank Alice
Daniel Alice Frank Eliza	iden	Daniel Alice Frank Eliza
Daniel Claire Bob Daniel	iden	Daniel Claire Bob Daniel
Bob Alice Alice Bob	iden	Bob Alice Alice Bob
Eliza Frank Bob Frank	iden	Eliza Frank Bob Frank
Frank Daniel Bob Alice	iden	Frank Daniel Bob Alice
Alice Bob Frank Bob	iden	Alice Bob Frank Bob
Claire Eliza Claire Claire	iden	Claire Eliza Claire Claire
Bob Daniel Claire Eliza	iden	Bob Daniel Claire Eliza
Eliza Bob Alice Daniel	iden	Eliza Bob Alice Daniel
Daniel Claire Bob Daniel	iden	Daniel Claire Bob Daniel
Claire Alice Alice Claire	iden	Claire Alice Alice Claire
Eliza Frank Frank Claire	iden	Eliza Frank Frank Claire
Daniel Frank Bob Claire	iden	Daniel Frank Bob Claire
Claire Eliza Eliza Daniel	iden	Claire Eliza Eliza Daniel
Daniel Bob Eliza Bob	iden	Daniel Bob Eliza Bob
Daniel Bob Eliza Claire	iden	Daniel Bob Eliza Claire
Alice Frank Alice Claire	iden	Alice Frank Alice Claire
Bob Alice Bob Alice	iden	Bob Alice Bob Alice
Eliza Claire Alice Frank	iden	Eliza Claire Alice Frank
Claire Claire Claire Eliza	iden	Claire Claire Claire Eliza
Alice Daniel Eliza Daniel	iden	Alice Daniel Eliza Daniel
Bob Claire Daniel Alice	iden	Bob Claire Daniel Alice
Eliza Alice Frank Bob	iden	Eliza Alice Frank Bob
Daniel Claire Alice Frank	iden	Daniel Claire Alice Frank
Daniel Claire Daniel Bob	iden	Daniel Claire Daniel Bob
Alice Frank Claire Daniel	iden	Alice Frank Claire Daniel
Eliza Claire Bob Alice	iden	Eliza Claire Bob Alice
Eliza Claire Alice Bob	iden	Eliza Claire Alice Bob
Daniel Daniel Daniel Alice	iden	Daniel Daniel Daniel Alice
Frank Eliza Bob Claire	iden	Frank Eliza Bob Claire
Eliza Daniel Alice Eliza	iden	Eliza Daniel Alice Eliza
Claire Frank Claire Daniel	iden	Claire Frank Claire Daniel
Claire Claire Eliza Eliza	iden	Claire Claire Eliza Eliza
Frank Alice Eliza Alice	iden	Frank Alice Eliza Alice
Bob Frank Frank Daniel	iden	Bob Frank Frank Daniel
Claire Frank Bob Alice	iden	Claire Frank Bob Alice
Daniel Frank Eliza Bob	iden	Daniel Frank Eliza Bob
Eliza Claire Bob Daniel	iden	Eliza Claire Bob Daniel
Bob Eliza Bob Frank	iden	Bob Eliza Bob Frank
Eliza Bob Alice Daniel	iden	Eliza Bob Alice Daniel
Alice Alice Eliza Eliza	iden	Alice Alice Eliza Eliza
Alice Eliza Bob Bob	iden	Alice Eliza Bob Bob
Frank Bob Alice Daniel	iden	Frank Bob Alice Daniel
Frank Frank Alice Alice	iden	Frank Frank Alice Alice
Bob Claire Alice Frank	iden	Bob Claire Alice Frank
Daniel Daniel Bob Eliza	iden	Daniel Daniel Bob Eliza
Frank Bob Bob Frank	iden	Frank Bob Bob Frank
Bob Claire Daniel Claire	iden	Bob Claire Daniel Claire
Bob Daniel Frank Claire	iden	Bob Daniel Frank Claire
Bob Daniel Frank Daniel	iden	Bob Daniel Frank Daniel
Eliza Bob Claire Bob	iden	Eliza Bob Claire Bob
Eliza Alice Frank Bob	iden	Eliza Alice Frank Bob
Daniel Daniel Eliza Daniel	iden	Daniel Daniel Eliza Daniel
Eliza Claire Alice Alice	iden	Eliza Claire Alice Alice
Bob Alice Frank Claire	iden	Bob Alice Frank Claire
Frank Alice Daniel Frank	iden	Frank Alice Daniel Frank
Bob Bob Alice Alice	iden	Bob Bob Alice Alice
Bob Eliza Claire Bob	iden	Bob Eliza Claire Bob
Alice Bob Claire Eliza	iden	Alice Bob Claire Eliza
Daniel Alice Alice Frank	iden	Daniel Alice Alice Frank
Eliza Bob Claire Daniel	iden	Eliza Bob Claire Daniel
Claire Eliza Alice Alice	iden	Claire Eliza Alice Alice
Bob Daniel Frank Daniel	iden	Bob Daniel Frank Daniel
Alice Frank Daniel Eliza	iden	Alice Frank Daniel Eliza
Bob Daniel Daniel Claire	iden	Bob Daniel Daniel Claire
Eliza Daniel Daniel Claire	iden	Eliza Daniel Daniel Claire
Eliza Daniel Alice Daniel	iden	Eliza Daniel Alice Daniel
Eliza Daniel Daniel Frank	iden	Eliza Daniel Daniel Frank
Claire Frank Claire Eliza	iden	Claire Frank Claire Eliza
Eliza Daniel Daniel Alice	iden	Eliza Daniel Daniel Alice
Bob Frank Eliza Bob	iden	Bob Frank Eliza Bob
Alice Alice Daniel Bob	iden	Alice Alice Daniel Bob
Claire Frank Bob Bob	iden	Claire Frank Bob Bob
Bob Frank Bob Bob	iden	Bob Frank Bob Bob
Daniel Bob Daniel Claire	iden	Daniel Bob Daniel Claire
Frank Alice Alice Alice	iden	Frank Alice Alice Alice
Eliza Frank Eliza Claire	iden	Eliza Frank Eliza Claire
Bob Daniel Claire Bob	iden	Bob Daniel Claire Bob
Claire Alice Bob Bob	iden	Claire Alice Bob Bob
Bob Daniel Daniel Alice	iden	Bob Daniel Daniel Alice
Claire Daniel Claire Eliza	iden	Claire Daniel Claire Eliza
Daniel Daniel Alice Frank	iden	Daniel Daniel Alice Frank
Eliza Daniel Bob Claire	iden	Eliza Daniel Bob Claire
Daniel Daniel Eliza Bob	iden	Daniel Daniel Eliza Bob
Bob Frank Daniel Alice	iden	Bob Frank Daniel Alice
Claire Daniel Eliza Bob	iden	Claire Daniel Eliza Bob
Frank Claire Bob Daniel	iden	Frank Claire Bob Daniel
Daniel Eliza Bob Alice	iden	Daniel Eliza Bob Alice
Eliza Claire Frank Eliza	iden	Eliza Claire Frank Eliza
Claire Daniel Frank Alice	iden	Claire Daniel Frank Alice
Frank Alice Daniel Daniel	iden	Frank Alice Daniel Daniel
Daniel Alice Bob Eliza	iden	Daniel Alice Bob Eliza
Claire Alice Alice Daniel	iden	Claire Alice Alice Daniel
Claire Claire Bob Eliza	iden	Claire Claire Bob Eliza
Eliza Daniel Bob Alice	iden	Eliza Daniel Bob Alice
Eliza Eliza Daniel Alice	iden	Eliza Eliza Daniel Alice
Alice Eliza Claire Bob	iden	Alice Eliza Claire Bob
Frank Bob Frank Frank	iden	Frank Bob Frank Frank
Alice Eliza Claire Bob	iden	Alice Eliza Claire Bob
Claire Eliza Alice Daniel	iden	Claire Eliza Alice Daniel
Eliza Bob Alice Daniel	iden	Eliza Bob Alice Daniel
Bob Claire Bob Alice	iden	Bob Claire Bob Alice
Bob Daniel Alice Bob	iden	Bob Daniel Alice Bob
Daniel Eliza Daniel Alice	iden	Daniel Eliza Daniel Alice
Claire Bob Frank Bob	iden	Claire Bob Frank Bob
Daniel Daniel Eliza Eliza	iden	Daniel Daniel Eliza Eliza
Alice Frank Bob Frank	iden	Alice Frank Bob Frank
Eliza Frank Eliza Claire	iden	Eliza Frank Eliza Claire
Claire Eliza Frank Daniel	iden	Claire Eliza Frank Daniel
Claire Bob Daniel Alice	iden	Claire Bob Daniel Alice
Frank Claire Alice Frank	iden	Frank Claire Alice Frank
Daniel Daniel Bob Eliza	iden	Daniel Daniel Bob Eliza
Claire Eliza Daniel Frank	iden	Claire Eliza Daniel Frank
Bob Claire Claire Alice	iden	Bob Claire Claire Alice
Frank Daniel Alice Alice	iden	Frank Daniel Alice Alice
Daniel Alice Frank Frank	iden	Daniel Alice Frank Frank
Eliza Alice Frank Frank	iden	Eliza Alice Frank Frank
Daniel Claire Eliza Bob	iden	Daniel Claire Eliza Bob
Daniel Frank Frank Claire	iden	Daniel Frank Frank Claire
Eliza Frank Frank Claire	iden	Eliza Frank Frank Claire
Alice Frank Eliza Bob	iden	Alice Frank Eliza Bob
Alice Alice Alice Daniel	iden	Alice Alice Alice Daniel
Alice Claire Alice Alice	iden	Alice Claire Alice Alice
Claire Frank Frank Eliza	iden	Claire Frank Frank Eliza
Daniel Frank Bob Alice	iden	Daniel Frank Bob Alice
Eliza Bob Bob Alice	iden	Eliza Bob Bob Alice
Daniel Claire Eliza Daniel	iden	Daniel Claire Eliza Daniel
Daniel Claire Bob Eliza	iden	Daniel Claire Bob Eliza
Alice Daniel Frank Frank	iden	Alice Daniel Frank Frank
Eliza Daniel Bob Claire	iden	Eliza Daniel Bob Claire
Frank Eliza Alice Daniel	iden	Frank Eliza Alice Daniel
Alice Alice Bob Eliza	iden	Alice Alice Bob Eliza
Bob Alice Daniel Frank	iden	Bob Alice Daniel Frank
Claire Claire Claire Eliza	iden	Claire Claire Claire Eliza
Bob Frank Eliza Alice	iden	Bob Frank Eliza Alice
Claire Claire Eliza Daniel	iden	Claire Claire Eliza Daniel
Eliza Daniel Bob Frank	iden	Eliza Daniel Bob Frank
Eliza Eliza Frank Daniel	iden	Eliza Eliza Frank Daniel
Frank Daniel Claire Claire	iden	Frank Daniel Claire Claire
Bob Frank Daniel Eliza	iden	Bob Frank Daniel Eliza
Frank Eliza Claire Bob	iden	Frank Eliza Claire Bob
Frank Alice Bob Eliza	iden	Frank Alice Bob Eliza
Bob Eliza Daniel Claire	iden	Bob Eliza Daniel Claire
Frank Daniel Claire Claire	iden	Frank Daniel Claire Claire
Daniel Frank Daniel Daniel	iden	Daniel Frank Daniel Daniel
Daniel Eliza Bob Claire	iden	Daniel Eliza Bob Claire
Alice Bob Frank Daniel	iden	Alice Bob Frank Daniel
Bob Bob Frank Frank	iden	Bob Bob Frank Frank
Eliza Bob Eliza Alice	iden	Eliza Bob Eliza Alice
Bob Frank Bob Frank	iden	Bob Frank Bob Frank
Frank Bob Claire Eliza	iden	Frank Bob Claire Eliza
Eliza Daniel Bob Claire	iden	Eliza Daniel Bob Claire
Alice Frank Bob Bob	iden	Alice Frank Bob Bob
Bob Bob Daniel Bob	iden	Bob Bob Daniel Bob
Claire Alice Claire Eliza	iden	Claire Alice Claire Eliza
Eliza Alice Claire Eliza	iden	Eliza Alice Claire Eliza
Eliza Eliza Eliza Frank	iden	Eliza Eliza Eliza Frank
Eliza Daniel Eliza Alice	iden	Eliza Daniel Eliza Alice
Alice Eliza Daniel Claire	iden	Alice Eliza Daniel Claire
Alice Alice Daniel Eliza	iden	Alice Alice Daniel Eliza
Alice Bob Frank Frank	iden	Alice Bob Frank Frank
Alice Daniel Frank Eliza	iden	Alice Daniel Frank Eliza
Eliza Claire Eliza Eliza	iden	Eliza Claire Eliza Eliza
Alice Eliza Eliza Claire	iden	Alice Eliza Eliza Claire
Alice Bob Eliza Frank	iden	Alice Bob Eliza Frank
Frank Claire Eliza Frank	iden	Frank Claire Eliza Frank
Claire Alice Daniel Eliza	iden	Claire Alice Daniel Eliza
Frank Frank Frank Alice	iden	Frank Frank Frank Alice
Daniel Alice Eliza Alice	iden	Daniel Alice Eliza Alice
Alice Alice Frank Bob	iden	Alice Alice Frank Bob
